Have_IP,Have_At,URL_Length,URL_Depth,Redirection,https_Domain,TinyURL,Prefix/Suffix,DNS_Record,Domain_Age,Domain_End,iFrame,Mouse_Over,Right_Click,Web_Forwards
0,0,1,2,0,0,0,0,0,0,0,0,0,1,0
0,0,1,4,0,0,0,0,0,0,1,0,0,1,0
0,0,1,3,0,0,0,0,0,0,1,0,0,1,0
0,0,1,4,0,0,0,0,1,1,1,0,0,1,0
0,1,1,6,0,0,1,0,0,0,0,0,0,1,0
0,0,1,11,0,0,0,0,0,0,1,0,0,1,0
0,0,1,2,0,0,0,1,0,0,1,0,0,1,0
0,0,1,5,0,0,0,0,0,0,0,0,0,1,0
0,0,0,2,0,0,0,0,0,0,0,0,0,1,0
0,1,1,3,0,0,1,0,1,1,1,0,0,1,0
0,1,1,2,0,0,0,0,0,0,0,0,0,1,0
0,0,1,2,0,0,0,0,0,0,1,0,0,1,0
0,0,0,2,0,0,0,0,0,1,1,0,0,1,0
0,0,1,3,0,0,0,0,0,0,0,0,0,1,0
0,0,1,5,0,0,0,0,0,0,1,0,0,1,0
0,0,1,3,0,0,0,0,0,1,1,0,0,1,0
0,0,1,2,0,0,0,0,0,1,1,0,0,1,0
0,0,0,3,0,0,1,0,1,1,1,0,0,1,0
0,0,1,5,0,0,0,0,0,0,0,1,0,1,0
0,0,1,4,0,0,0,0,0,1,1,0,0,1,0
0,0,0,1,0,0,0,0,0,0,0,0,0,1,0
0,0,1,2,0,0,0,1,0,0,0,0,0,1,0
0,0,1,4,0,0,0,0,0,1,1,0,0,1,0
0,0,0,1,0,0,0,0,0,0,1,1,1,1,1
0,0,1,3,0,0,0,0,0,0,1,0,0,1,0
0,0,0,2,0,0,0,0,0,0,0,0,0,1,0
0,1,1,7,0,0,0,0,0,0,1,0,0,1,0
0,0,1,2,0,0,0,0,0,1,1,0,0,1,0
0,0,1,2,0,0,0,0,0,0,1,0,0,1,0
0,0,1,3,0,0,0,0,0,0,1,1,1,1,1
0,0,1,2,0,0,0,0,0,0,0,0,0,1,0
0,0,1,4,0,0,0,0,0,0,1,0,0,1,0
0,0,1,1,0,0,1,0,0,0,0,0,0,1,1
0,0,1,4,0,0,0,0,0,0,1,0,0,1,0
0,0,0,0,0,0,0,0,1,1,1,0,0,1,0
0,0,1,0,0,0,0,0,0,0,0,0,0,1,0
0,0,1,1,0,0,0,0,1,1,1,1,1,1,1
0,0,1,3,0,0,0,0,0,1,1,0,0,1,0
0,0,1,1,0,0,0,1,0,0,1,0,0,1,0
0,0,1,1,0,0,0,0,0,0,1,0,0,1,0
0,0,0,2,0,0,0,0,0,0,1,0,0,1,0
0,0,0,0,0,0,0,0,1,1,1,0,0,1,0
0,0,1,1,0,0,0,0,0,0,1,0,0,1,0
0,0,1,3,0,0,0,1,0,0,1,0,0,1,0
0,0,1,7,0,0,1,0,0,0,0,0,0,1,1
0,0,0,3,0,0,0,1,1,1,1,0,0,1,0
0,0,0,0,0,0,0,0,0,0,0,0,0,1,0
0,0,0,2,0,0,0,0,1,1,1,0,0,1,0
0,0,1,5,0,0,0,0,0,0,0,0,0,1,0
0,0,1,4,0,0,0,0,0,0,1,0,0,1,0
0,0,1,5,0,0,1,1,0,1,1,0,0,1,0
0,0,0,3,0,0,0,0,0,0,1,0,0,1,0
0,0,1,2,0,0,0,0,0,1,1,0,0,1,0
0,0,1,2,0,0,0,0,0,0,1,0,0,1,0
0,0,1,4,0,0,0,0,0,1,1,0,0,1,0
0,0,1,3,0,0,0,0,0,0,0,0,0,1,0
0,0,1,3,0,0,0,0,0,0,0,0,0,1,0
0,0,1,6,0,0,0,0,0,1,1,0,0,1,0
0,0,1,1,0,0,0,0,0,1,1,0,0,1,0
0,0,0,0,0,0,1,0,1,1,1,0,0,1,0
0,0,1,2,0,0,0,0,0,1,1,0,0,1,0
0,0,1,3,0,0,1,0,0,1,1,0,0,1,0
0,0,1,3,0,0,0,0,0,0,1,0,0,1,0
0,0,1,1,0,0,0,0,0,1,1,0,0,1,0
0,0,1,3,0,0,0,0,0,0,0,0,0,1,0
0,0,0,2,0,0,0,0,0,0,0,0,0,1,0
0,0,1,6,0,0,0,0,0,1,1,0,0,1,0
0,0,1,3,0,0,0,0,0,1,1,0,0,1,0
0,0,1,2,0,0,0,0,0,0,1,0,0,1,0
0,0,0,1,0,0,0,0,0,0,0,0,0,1,0
0,0,1,7,0,0,0,0,0,1,1,0,0,1,0
0,0,1,5,0,0,0,0,0,0,1,0,0,1,0
0,0,1,5,0,0,0,0,0,1,1,0,0,1,0
0,0,1,5,0,0,0,0,0,0,0,1,0,1,0
0,0,1,1,0,0,0,0,1,1,1,1,1,1,1
0,0,1,1,0,0,0,0,1,1,1,1,1,1,1
0,0,0,0,0,0,0,1,0,0,1,1,1,1,1
0,0,1,1,0,0,0,1,0,0,0,0,0,1,0
0,0,1,2,0,0,0,0,0,0,1,1,1,1,1
0,0,1,6,0,0,0,0,0,1,1,0,0,1,0
0,0,1,10,0,0,0,0,0,0,1,0,0,1,0
0,0,0,3,0,0,0,0,0,0,1,0,0,1,0
0,0,1,2,0,0,0,0,1,1,1,0,0,1,0
0,0,1,4,0,0,0,0,0,1,1,0,0,1,0
0,0,1,1,1,0,1,0,0,1,1,0,0,1,0
0,0,1,3,0,0,0,0,0,0,1,0,0,1,0
0,0,1,4,0,0,0,0,0,0,1,0,0,1,0
0,0,1,1,0,0,0,0,0,1,1,0,0,1,0
0,0,0,0,0,0,0,0,0,0,1,0,0,1,0
0,0,1,5,0,0,0,0,0,0,1,0,0,1,0
0,0,1,2,0,0,0,0,1,1,1,0,0,1,0
0,0,0,2,0,0,0,0,0,1,1,0,0,1,0
0,0,0,0,0,0,0,0,1,1,1,0,0,1,0
0,0,1,6,0,0,0,0,0,0,0,0,0,1,0
0,0,1,7,0,0,0,0,0,0,0,0,0,1,0
0,0,1,2,0,0,0,0,0,1,1,0,0,1,0
0,0,0,1,0,0,0,0,0,1,1,0,0,1,0
0,0,0,1,0,0,0,1,0,1,1,0,0,1,0
0,0,0,2,0,0,0,0,0,0,1,0,0,1,0
0,0,1,1,0,0,0,0,0,0,1,0,0,1,0
